{"training_loss": 875952.375, "validation_loss": 856421.4375, "training_RMSE": 926.9464721679688, "validation_RMSE": 916.6923217773438}