{"training_accuracy": 0.938095211982727, "training_loss": 0.15644069015979767, "validation_accuracy": 0.9394456148147583, "validation_loss": 0.15199285745620728, "training_duration_seconds": 40.81846237182617}