{"training_loss": 226.48019409179688, "validation_loss": 186.5851593017578, "training_RMSE": 14.669921875, "validation_RMSE": 13.3909912109375}