{"training_accuracy": 0.8294166922569275, "training_loss": 0.3859966993331909, "validation_accuracy": 0.8198666572570801, "validation_loss": 0.4094577729701996, "training_time_seconds": 240.65703225135803}