{"training_accuracy": 0.9039289951324463, "training_loss": 0.3966822922229767, "validation_accuracy": 0.8551486730575562, "validation_loss": 0.43973928689956665, "training_time": 11.89165186882019}