{"training_loss": 0.4296601116657257, "training_rmse": 0.655484676361084, "validation_loss": 0.4060037434101105, "validation_rmse": 0.6371842622756958, "duration_sec": 509.0783064365387}