{"training_loss": 0.6161970496177673, "training_rmse": 0.7849822044372559, "validation_loss": 2.3770017623901367, "validation_rmse": 1.541752815246582, "duration_sec": 43761.28519964218}