{"training_accuracy": 0.058649998158216476, "training_loss": 0.2524765729904175, "validation_accuracy": 0.057500001043081284, "validation_loss": 0.33326178789138794, "training_time_seconds": 55.76414656639099}