{"training_accuracy": 1.0754427909851074, "training_loss": 1.156577229499817, "validation_accuracy": 1.0955579280853271, "validation_loss": 1.2002471685409546, "training_duration": 205.96513438224792}