{"training_accuracy": 0.9476050734519958, "training_loss": 0.301155149936676, "validation_accuracy": 0.9586809277534485, "validation_loss": 0.26716211438179016, "training_time_seconds": 12421.660835981369}