{"training_accuracy": 0.5540783405303955, "training_loss": 0.9370574951171875, "validation_accuracy": 0.5679728388786316, "validation_loss": 0.9283621311187744, "training_duration": 107.86483430862427}