{"training_accuracy": 0.8962541818618774, "training_loss": 0.40561312437057495, "validation_accuracy": 0.8772306442260742, "validation_loss": 0.40282195806503296, "training_time": 8.542284965515137}