{"training_accuracy": 0.871004581451416, "training_loss": 0.34516069293022156, "validation_accuracy": 0.8607305884361267, "validation_loss": 0.35083383321762085, "training_duration": 21.966009378433228}