{"training_accuracy": 0.0, "training_loss": 0.4088737368583679, "validation_accuracy": 0.0, "validation_loss": 0.4088733196258545, "training_duration": 544.3118522167206}