{"training_accuracy": 0.8873249888420105, "training_loss": 0.30299416184425354, "validation_accuracy": 0.8936111330986023, "validation_loss": 0.2884601354598999}