{"training_accuracy": 0.8589561581611633, "training_loss": 0.3131152093410492, "validation_accuracy": 0.8590046763420105, "validation_loss": 0.31980475783348083}