{"training_loss": 1.15566885471344, "validation_loss": 1.1431597471237183, "training_rmse": 1.0750203132629395, "validation_rmse": 1.0691864490509033, "training_duration_seconds": 1096.0070941448212}