{"training_accuracy": 0.3650191128253937, "training_loss": 0.13323895633220673, "validation_accuracy": 0.26252904534339905, "validation_loss": 0.06892149895429611, "training_time": 363.35194849967957}