{"training_loss": 872166.0, "validation_loss": 858683.0625, "training_RMSE": 924.9261474609375, "validation_RMSE": 917.9430541992188}