{"training_loss": 0.3452044427394867, "validation_loss": 0.30891257524490356, "training_RMSE": 0.5875409841537476, "validation_RMSE": 0.5557990670204163}