{"training_accuracy": null, "training_loss": 0.17147935926914215, "validation_accuracy": null, "validation_loss": 91.48001861572266}