{"training_loss": 248983232.0, "training_rmse": 2203.879638671875, "validation_loss": 379952960.0, "validation_rmse": 2660.3310546875, "duration_sec": 251.49255514144897}