{"training_loss": 1356.82763671875, "validation_loss": 344.9711608886719, "training_RMSE": 36.03165817260742, "validation_RMSE": 18.507278442382812}