{"training_accuracy": 0.29157137870788574, "training_loss": 0.40886542201042175, "validation_accuracy": 0.28916049003601074, "validation_loss": 0.4088709354400635}