{"training_loss": 0.17300933599472046, "validation_loss": 0.1720166951417923, "training_RMSE": 0.4157966077327728, "validation_RMSE": 0.4146007299423218}