{"training_accuracy": 0.8637545108795166, "training_loss": 0.36648908257484436, "validation_accuracy": 0.8766493201255798, "validation_loss": 0.4343136250972748}