{"training_accuracy": 0.0, "training_loss": 0.40869295597076416, "validation_accuracy": 0.0, "validation_loss": 0.4089668393135071}