{"training_loss": 1638.3419189453125, "training_rmse": 40.314815521240234, "validation_loss": 1642.167724609375, "validation_rmse": 40.35810470581055, "training_duration": 2143.1396122130127}