{"training_rmse": 39.01641082763672, "training_loss": 1522.2803955078125, "validation_rmse": 38.88481140136719, "validation_loss": 1512.0286865234375, "training_time_seconds": 283.272260427475}