{"training_accuracy": 0.04470000043511391, "training_loss": 0.3156183660030365, "validation_accuracy": 0.04619999974966049, "validation_loss": 0.32127735018730164, "training_time": 127.31313514709473}