{"training_accuracy": 0.9466493129730225, "training_loss": 0.18105746805667877, "validation_accuracy": 0.9491857886314392, "validation_loss": 0.17174959182739258}