{"training_accuracy": null, "training_loss": 0.18293114006519318, "validation_accuracy": null, "validation_loss": 0.16986528038978577, "training_duration": 1247.493483543396}