{"training_accuracy": 0.9642443656921387, "training_loss": 0.10486534237861633, "validation_accuracy": 0.9740409851074219, "validation_loss": 0.0699627697467804}