{"training_accuracy": 0.8530919551849365, "training_loss": 0.35697367787361145, "validation_accuracy": 0.8789682388305664, "validation_loss": 0.3004343807697296, "training_duration": 124.34813499450684}