{"training_loss": 0.3482184410095215, "validation_loss": 0.30438733100891113, "training_RMSE": 0.5901003479957581, "validation_RMSE": 0.5517130494117737, "training_duration_seconds": 195.3091058731079}