{"training_loss": 69.71285247802734, "validation_loss": 75.57064056396484, "training_RMSE": 8.18334674835205, "validation_RMSE": 8.523225784301758}