{"training_loss": 0.7446311116218567, "training_rmse": 0.8629201054573059, "training_mae": 0.6775321960449219, "validation_loss": 0.6711657643318176, "validation_rmse": [0.8260884284973145, 0.8184478282928467, 0.8149007558822632, 0.8168536424636841, 0.8171741962432861, 0.8179333209991455, 0.8186793327331543, 0.8192470669746399], "validation_mae": 0.6446925401687622, "training_duration": 156.6306312084198}