{"training_accuracy": 0.9458820223808289, "training_loss": 0.18177026510238647, "validation_accuracy": 0.9469690322875977, "validation_loss": 0.17774130403995514, "training_time_seconds": 170.5904896259308}