{"training_rmse": 39.02960205078125, "training_loss": 1523.309814453125, "validation_rmse": 38.88405227661133, "validation_loss": 1511.9696044921875, "training_time_seconds": 269.5837285518646}