{"training_accuracy": 0.9909437298774719, "training_loss": 0.03727353364229202, "validation_accuracy": 0.9819999933242798, "validation_loss": 0.14220471680164337}