{"training_accuracy": 0.3209795355796814, "training_loss": 0.3097552955150604, "validation_accuracy": 0.3242463171482086, "validation_loss": 0.3097034692764282, "training_time": 73.55682444572449}