{"training_accuracy": 0.8292925953865051, "training_loss": 0.3871360421180725, "validation_accuracy": 0.8220000267028809, "validation_loss": 0.4059293568134308}