{"training_loss": 5862005248.0, "validation_loss": 5049714176.0, "training_RMSE": 45319.41796875, "validation_RMSE": 43876.86328125}