{"training_accuracy": 0.3209795355796814, "training_loss": 0.3097586929798126, "validation_accuracy": 0.3242463171482086, "validation_loss": 0.30970537662506104}