{"training_loss": 31718238.0, "validation_loss": 10669573.0, "training_RMSE": 1308.519775390625, "validation_RMSE": 1302.6558837890625}