{"training_accuracy": 0.8301805257797241, "training_loss": 0.4070588946342468, "validation_accuracy": 0.8600388765335083, "validation_loss": 0.364163875579834, "training_duration": 607.2911834716797}