{"training_loss": 0.4268629252910614, "validation_loss": 0.4261164367198944, "training_RMSE": 0.6533373594284058, "validation_RMSE": 0.6527670621871948}