{"training_loss": 8.033315679334407e-10, "training_rmse": 2.8343103622319177e-05, "training_mae": 7.516103323723655e-06, "validation_loss": 1.9794297062517984e-16, "validation_rmse": 1.4069220455326104e-08, "validation_mae": 1.4069334142163825e-08, "training_time": 3204.601482152939}