{"training_loss": 219.2677001953125, "validation_loss": 189.33328247070312, "training_RMSE": 14.537897109985352, "validation_RMSE": 13.518210411071777}