{"training_accuracy": 0.037236958742141724, "training_loss": 0.0038601052947342396, "validation_accuracy": 0.03825780004262924, "validation_loss": 0.0037989607080817223}