{"training_loss": 17.347850799560547, "validation_loss": 14.352935791015625, "training_RMSE": 3.8788795471191406, "validation_RMSE": 3.618382453918457}