{"training_accuracy": 0.2982260286808014, "training_loss": 0.4086185097694397, "validation_accuracy": 0.29122358560562134, "validation_loss": 0.4090200662612915}