{"training_accuracy": 0.8635844588279724, "training_loss": 0.34075284004211426, "validation_accuracy": 0.853881299495697, "validation_loss": 0.3735205829143524}