{"training_loss": 70.96492767333984, "validation_loss": 74.1118392944336, "training_RMSE": 8.34241771697998, "validation_RMSE": 8.51749038696289}