{"training_accuracy": 0.9853625297546387, "training_loss": 0.04609330743551254, "validation_accuracy": 0.9882749915122986, "validation_loss": 0.03675981983542442, "training_duration": 865.7933344841003}