{"training_rmse": 75192.671875, "training_loss": 5653938688.0, "validation_rmse": 70116.8359375, "validation_loss": 4916371456.0, "training_time_seconds": 53.45081186294556}