{"training_loss": 0.3356872797012329, "training_mae": 0.4829200208187103, "validation_loss": 0.33597391843795776, "validation_mae": 0.483650803565979, "training_duration": 4642.139612197876}