{"training_loss": 0.33547618985176086, "training_rmse": 0.5792030692100525, "validation_loss": 0.3357008695602417, "validation_rmse": 0.5793969631195068, "training_duration": 894.7791683673859}