{"training_rmse": 38.912574768066406, "training_loss": 1514.1884765625, "validation_rmse": 38.908756256103516, "validation_loss": 1513.891357421875, "training_time_seconds": 0.05096793174743652}