{
    "training_accuracy": 1.0,
    "training_loss": 0.1214737743139267,
    "validation_accuracy": 1.0,
    "validation_loss": 0.12118533998727798,
    "training_time": 47.7731819152832
}