{"training_accuracy": 0.8164083361625671, "training_loss": 0.4268226623535156, "validation_accuracy": 0.817341685295105, "validation_loss": 0.4264471232891083,"training_time": 77.92149186134338}