{"training_accuracy": 1.0644259452819824, "training_loss": 1.133002758026123, "validation_accuracy": 1.1084064245224, "validation_loss": 1.228564977645874}