{"training_accuracy": 0.9375, "training_loss": 0.15806421637535095, "validation_accuracy": 0.9396588206291199, "validation_loss": 0.1517719328403473, "training_duration_seconds": 188.12870001792908}