{"training_accuracy": 0.8940145373344421, "training_loss": 0.2608533501625061, "validation_accuracy": 0.8627645373344421, "validation_loss": 0.39978763461112976, "training_time_seconds": 63.60035729408264}