{"training_accuracy": 0.9421306252479553, "training_loss": 0.17773683369159698, "validation_accuracy": 0.9440702795982361, "validation_loss": 0.18546392023563385, "training_time_seconds": 80.78232669830322}