{"training_accuracy": 0.0549749992787838, "training_loss": 0.3140232563018799, "validation_accuracy": 0.05270000174641609, "validation_loss": 0.31936341524124146}