{"training_loss": 1.1521738767623901, "validation_loss": 1.1452475786209106, "training_rmse": 1.0733935832977295, "validation_rmse": 1.0701624155044556}