{"training_accuracy": 0.949867844581604, "training_loss": 0.17201007902622223, "validation_accuracy": 0.9519140720367432, "validation_loss": 0.16681084036827087, "training_duration": 114.0356810092926}