{"training_accuracy": 0.8183187246322632, "training_loss": 0.4228377342224121, "validation_accuracy": 0.8155583143234253, "validation_loss": 0.4278865158557892}