{"training_accuracy": 0.8554953336715698, "training_loss": 0.31502392888069153, "validation_accuracy": 0.8574568629264832, "validation_loss": 0.3213874399662018}