{"training_loss": 0.3204839527606964, "validation_loss": 0.29973235726356506, "training_RMSE": 0.5661129951477051, "validation_RMSE": 0.547478199005127}