{"training_loss": 1637.3074951171875, "training_rmse": 40.383453369140625, "validation_loss": 1643.86962890625, "validation_rmse": 40.460838317871094, "training_duration": 550.3923947811127}