{"training_accuracy": 0.933316707611084, "training_loss": 0.3408430814743042, "validation_accuracy": 0.9487811923027039, "validation_loss": 0.29750707745552063}